{"rank_1": 71.08076, "rank_5": 88.45012, "rank_10": 92.28029, "map": 52.61358}
